Version,Prix,Date,Km,Energie,Emission,Consommation,Boitier,Portes,Puissance,Places
Tiguan 2.0 TDI 150 DSG7 4Motion Black R-Line,29500,Juillet 2019,24000,Diesel,133,null,Automatique,4 portes avec hayon,8,5
Laguna 1.9 DTI RTE,2000,Janvier 1999,320000,Diesel,null,5.5,Manuelle,4 portes avec hayon,6,5
2 CV 6 Special,12000,Mars 1986,96700,Essence,null,null,Manuelle,4 portes,3,5
Titanium 1.0 ecoboost mhev 125ch,22850,2021,10,null,null,null,Manuelle,4 portes avec hayon,6,null
Coccinelle Cabriolet 2.0 TDI 150 BMT Club,18100,Mars 2015,92600,Diesel,118,4.6,Manuelle,2 portes,8,4
Scenic 1.9 dCi 130 Exception,4000,Avril 2008,173300,Diesel,159,6,Manuelle,4 portes avec hayon,8,5
320d 177ch Confort,6800,Juin 2008,212500,Diesel,128,4.8,Manuelle,4 portes,9,5
C3 1.4 HDi 70 Airdream Airplay,3800,Janvier 2009,115000,Diesel,115,4.4,Manuelle,4 portes avec hayon,4,5
C3 Aircross PureTech 110 S&S BVM6 Shine,19800,Juillet 2021,2800,Essence,null,null,Manuelle,4 portes avec hayon,6,5
Twingo II 1.5 dCi 65 eco2 Art Collection,2450,Avril 2009,209200,Diesel,113,4.3,Manuelle,2 portes avec hayon,4,4
elegance,7900,Août 2006,72000,Diesel,null,null,Manuelle,4 portes avec hayon,null,5
TT 1.8T,10500,Janvier 2000,149000,Essence,194,8.1,Manuelle,2 portes avec hayon,11,4
500 1.2 69 ch Lounge,9500,Mars 2017,48500,Essence,115,4.9,Manuelle,2 portes avec hayon,4,4
3008 1.6 HDi 16V 110ch FAP Premium Pack,5500,Juin 2009,190500,Diesel,137,5.1,Manuelle,4 portes avec hayon,6,5
Astra 1.7 CDTI - 110 FAP ecoFLEX Cosmo,5200,Janvier 2011,171200,Diesel,119,4.5,Manuelle,4 portes avec hayon,6,5
Land Cruiser 3.0 TD VX,7000,Mai 1999,160000,Diesel,null,11.1,Manuelle,4 portes avec hayon,10,5
Doblo Panorama 1.6 Multijet 120 ch,14500,Juin 2017,61500,Diesel,144,null,Manuelle,4 portes avec hayon,7,5
Super 5 Five,4900,Janvier 1995,130000,Essence,null,null,Manuelle,2 portes avec hayon,6,5
Kadjar TCe 130 Energy Intens,14200,Octobre 2017,43800,Essence,130,5.8,Manuelle,4 portes avec hayon,7,5
Classe CLA 45 AMG 4Matic Speedshift DCT A,39500,Juillet 2016,66000,Essence,171,7.3,Automatique,4 portes,26,5
Mégane 1.9 DCI Authentique,14900,Décembre 2017,40600,Diesel,139,5.2,Manuelle,4 portes avec hayon,6,5
Polo 1.2 60 Style,5990,Novembre 2011,136100,Essence,128,5.5,Manuelle,2 portes avec hayon,4,5
30 TX,9000,Avril 1965,72000,Essence,null,null,Manuelle,4 portes avec hayon,15,5
Golf 1.4i,2250,Novembre 1999,191000,Essence,158,6.6,Manuelle,4 portes avec hayon,5,5
Clio dCi 90 E6C Intens,12990,Mars 2019,47000,Diesel,104,4,Manuelle,4 portes avec hayon,5,5
Mondeo 2.0 DI - 115 Ambiente,1800,Avril 2001,269000,Diesel,156,5.9,Manuelle,4 portes avec hayon,7,5
Scénic 1.9 DCI - 105 Air,1400,Février 2002,170911,Diesel,157,5.9,Manuelle,4 portes avec hayon,6,5
Express Break 1.6 D,1200,Avril 1986,289500,Diesel,null,null,Manuelle,2 portes avec hayon,5,5
Mégane IV Berline Blue dCi 115 - 20 Intens,19690,Septembre 2020,15600,Diesel,null,null,Manuelle,4 portes avec hayon,6,5
Jazz Hybrid 1.3  i-VTEC + IMA CVT,9200,Décembre 2011,98000,Hybride,104,4.5,Automatique,4 portes avec hayon,4,5
Fiesta 1.0 EcoBoost 95 ch S&S BVM6 Cool & Connect,12300,Juin 2020,21200,Essence,94,4.1,Manuelle,4 portes avec hayon,5,5
405 1.6i GR,3900,Juin 1993,84510,Essence,null,null,Manuelle,4 portes,7,5
118d 143 ch Confort A,8500,Mars 2012,168000,Diesel,140,5.3,Automatique,2 portes,8,4
Captur dCi 90 Energy eco² Business,9780,Mars 2016,92000,Diesel,95,3.6,Manuelle,4 portes avec hayon,4,5
DS3 PureTech 110 S&S BVM Executive,12900,Juin 2017,80000,Essence,100,4.3,Manuelle,2 portes avec hayon,5,5
S-Type 2.7 V6 D Bi-Turbo Classic A,5000,Novembre 2005,150000,Diesel,208,8,Automatique,4 portes,13,5
307 CC 1.6e 16V 110ch Navteq on Board,4500,Mai 2008,130000,Essence,178,7.6,Manuelle,2 portes,7,4
Kuga 1.5 Flexifuel-E85 150 S&S 4x2 BVM6 Titanium,19900,Juillet 2019,65000,Autres,170,6.9,Manuelle,4 portes avec hayon,9,5
19 Cabriolet 1.8i,2800,Juillet 1993,175000,Essence,null,null,Manuelle,2 portes,9,4
Scenic TCe 160 FAP Intens,21250,Avril 2019,9500,Essence,136,6,Manuelle,4 portes avec hayon,9,5
Coccinelle Cabriolet 1.4 TSI 160 Vintage,22000,Avril 1974,100000,Essence,158,6.8,Manuelle,2 portes,9,4
2008 1.6 e-HDi 115ch FAP BVM6 Féline Titane,12000,Août 2014,56000,Diesel,105,4,Manuelle,4 portes avec hayon,6,5
Xsara Break 2.0 HDi - 90 Tendance,2000,Janvier 2006,224136,Diesel,144,5.5,Manuelle,4 portes avec hayon,5,5
3008 Puretech 130ch S&S EAT8 Allure Pack,32600,Juillet 2021,3960,Essence,null,null,Automatique,4 portes avec hayon,7,5
929 2.0 LTD Super Spec.,300,Avril 1983,270003,Essence,null,null,Manuelle,4 portes,9,5
SLK200 A,7999,Juillet 1998,283000,Essence,220,9.3,Automatique,2 portes,9,2
Cayenne 4.8 V8 Turbo Tiptronic S A,33000,Novembre 2008,104000,Essence,358,14.9,Automatique,4 portes avec hayon,43,5
3008 Puretech 130ch S&S EAT8 Allure Pack,34000,Janvier 2021,3000,Essence,null,null,Automatique,4 portes avec hayon,7,5
Clio III dCi 75 eco2 20th Euro 5,8000,Avril 2011,56000,Diesel,106,4,Manuelle,2 portes avec hayon,4,5
Corsa 1.2 Turbo 100 ch BVM6 GS Line,18000,Juillet 2021,3500,Essence,null,null,Manuelle,4 portes avec hayon,5,5
Yaris Hybride 100h SkyBlue,11800,Mars 2016,85248,Hybride,82,3.6,Automatique,4 portes avec hayon,3,5
Corsa 1.3 CDTI - 75 ch FAP 150ème Anniversaire,5500,Décembre 2012,130000,Diesel,112,4.2,Manuelle,4 portes avec hayon,4,5
Duster 1.5 dCi 110 4x2 Ambiance,8000,Mars 2012,124111,Diesel,130,5,Manuelle,4 portes avec hayon,6,5
318i,4900,Juillet 1993,111930,Essence,null,null,Manuelle,4 portes,9,5
CR-V 1.6  i-DTEC 2WD Executive Navi,11500,Février 2015,135000,Diesel,124,4.7,Manuelle,4 portes avec hayon,6,5
Astra 1.4 Twinport Essentia,2000,Octobre 2004,170000,Essence,151,6.3,Manuelle,4 portes avec hayon,6,5
Twingo II Tce 100 Gordini,10500,Juillet 2013,53000,Essence,130,5.7,Manuelle,2 portes avec hayon,6,4
Ypsilon 1.3 16v Multijet,2500,Octobre 2004,90000,Diesel,119,4.6,Manuelle,2 portes avec hayon,4,4
Astra Cabriolet 1.6 16V Twinport Bertone,10000,Juillet 2003,33000,Essence,161,6.7,Manuelle,2 portes,6,4
Mondeo Vignale 2.0 Hybrid 187 BVA6,21500,Juin 2018,32000,Hybride,92,4.2,Automatique,4 portes,7,5
3008 1.6 e-HDi 112ch FAP BMP6 BLUE LION Active,8100,Novembre 2011,118000,Diesel,117,null,Semi automatique,4 portes avec hayon,6,5
190 D 2.5 Tbo,3300,Juillet 1992,238590,Diesel,null,null,Manuelle,4 portes,8,5
Classe A 180 d 7G-DCT AMG Line,28000,Août 2019,36500,Diesel,null,null,Automatique,4 portes,6,5
RCZ 2.0 HDi FAP 163ch,10000,Juillet 2010,153000,Diesel,139,5.3,Manuelle,2 portes,9,4
CR-V 2.0 EX i-VTEC,6250,Décembre 2003,142000,Essence,216,9.1,Manuelle,4 portes avec hayon,10,5
Captur E-Tech 145 - 21 Intens,26700,Janvier 2022,1500,Hybride,null,null,Automatique,4 portes avec hayon,5,5
407 SW 2.0 HDi 16V 163ch FAP Premium Pack A,3300,Mars 2010,220000,Diesel,179,6.9,Automatique,4 portes avec hayon,10,5
Corvette Cabriolet A,19950,Janvier 1988,108000,Essence,null,12.1,Automatique,2 portes,30,2
Golf TDI 90 GT,2700,Janvier 1994,353000,Diesel,null,5.3,Manuelle,2 portes avec hayon,5,5
XJS-C 4.0 A,22900,Janvier 1994,150000,Essence,null,null,Automatique,2 portes,38,2
Mini Clubman Cooper D 150 ch BVA8,20990,Juin 2018,82000,Diesel,113,4.3,Automatique,4 portes avec hayon,8,5
Classe CLA Coupé 200 d 8G-DCT AMG Line,34000,Octobre 2019,19700,Diesel,104,3.9,Automatique,4 portes,7,5
C3 Pluriel HDi 70,1400,Avril 2004,250000,Diesel,125,4.7,Manuelle,2 portes,4,5
300C 3.0 CRD A,13500,Mars 2006,162000,Diesel,215,8.1,Automatique,4 portes,14,5
Golf 1.6 D C,3300,Mai 1982,130400,Diesel,null,null,Manuelle,2 portes avec hayon,5,5
Golf 1.6 TDI 105 FAP CR BlueMotion 99gr Trendline,5700,Avril 2010,182807,Diesel,99,3.8,Manuelle,2 portes avec hayon,5,5
A4 1.6i A,1500,Février 1996,135000,Essence,null,null,Automatique,4 portes,10,5
Classe C Break 200 CDI Elégance,4100,Février 2007,330000,Diesel,171,6.5,Manuelle,4 portes avec hayon,7,5
C-MAX 1.6 TDCI 95 FAP Business,8500,Mars 2013,100000,Diesel,117,4.5,Manuelle,4 portes avec hayon,5,5
GLA 200 d 7-G DCT Sensation,27000,Octobre 2018,57400,Diesel,152,5.9,Automatique,4 portes avec hayon,7,5
S-Cross 1.4 Boosterjet Allgrip Hybrid Privilège,18200,Janvier 2020,9500,Essence,null,null,Manuelle,4 portes avec hayon,7,5
CTS 3.2 V6 A,6000,Mars 2003,126500,Essence,276,11.7,Automatique,4 portes,15,5
Axel 1.1 Base,7000,Janvier 1972,90000,Essence,null,null,Manuelle,2 portes avec hayon,6,5
318d 150 ch BVA8 M Sport,24900,Mai 2018,47500,Diesel,116,4.4,Automatique,4 portes,8,5
Golf TDI 110 Match II,600,Juillet 1997,310000,Diesel,null,5.1,Manuelle,2 portes avec hayon,5,5
X-TRAIL 1.6 dCi 130 5pl  Xtronic Acenta,23000,Mars 2017,26500,Diesel,135,5.1,Automatique,4 portes avec hayon,7,7
C3 Aircross BlueHDi 110 S&S BVM6 Shine,21400,Décembre 2020,6000,Diesel,null,null,Manuelle,4 portes avec hayon,6,5
Classe E 220 BlueTEC Executive A,20000,Octobre 2014,78898,Diesel,117,4.5,Automatique,4 portes,9,5
Panda 1.0ie Base,400,Juillet 1996,296000,Essence,40,null,Manuelle,2 portes avec hayon,4,4
Panda 1.0ie Colore,400,Janvier 1996,295000,Essence,null,null,Manuelle,2 portes avec hayon,4,4
MG F 1.8i,7000,Janvier 2001,70860,Essence,178,7.4,Manuelle,2 portes,8,2
Touring 316d 116 ch 119 g Lounge,12000,Décembre 2014,152000,Diesel,119,4.5,Manuelle,4 portes avec hayon,6,5
BX 1.5 TGE,650,Juin 1989,145250,Essence,null,null,Manuelle,4 portes avec hayon,7,5
Rexton II 270 XVT 186 Grand Luxe A,9500,Décembre 2010,167570,Diesel,233,9.2,Automatique,4 portes avec hayon,12,5
XM D12 Tbo Harmonie,550,Juin 1990,320000,Diesel,null,null,Manuelle,4 portes avec hayon,6,5
300 D 4-Matic,3500,Mai 1989,283000,Diesel,null,null,Manuelle,4 portes,11,5
500 1.2 69 ch Club,8000,Décembre 1969,18510,Essence,115,4.9,Manuelle,2 portes avec hayon,4,4
Scenic III dCi 110 FAP eco2 Bose Energy,10500,Mars 2012,134200,Diesel,105,4.1,Manuelle,4 portes avec hayon,5,5
C6 HDi 173 FAP,6000,Septembre 2007,200000,Diesel,175,6.6,Manuelle,4 portes,10,5
C3 Picasso BlueHDi 100 Attraction,10000,Avril 2015,43000,Diesel,101,3.9,Manuelle,4 portes avec hayon,5,5
SL280 A,33000,Janvier 1982,102000,Essence,null,null,Automatique,2 portes,16,2
330 d x Pack A,6500,Janvier 2001,196000,Diesel,232,8.7,Automatique,4 portes,12,5
null,15000,1997,20000,Essence,null,null,Automatique,null,null,null
308 BlueHDi 130ch S&S EAT8 Allure,24500,Juin 2020,12000,Diesel,94,3.6,Automatique,4 portes avec hayon,6,5
JS50,10000,Mars 2018,15200,Diesel,null,null,Manuelle,2 portes avec hayon,null,2
Duster Blue dCi 115 4x2 Prestige +,21600,Novembre 2021,1790,Diesel,null,null,Manuelle,4 portes avec hayon,6,5
C3 1.4i 16v Exclusive,4500,Juin 2008,201000,Essence,148,6.2,Manuelle,4 portes avec hayon,5,5
Classe C 180 d Sportline,15300,Novembre 2015,159700,Diesel,106,4.1,Manuelle,4 portes,6,5
Mini Cooper SD 170 ch BVA6 Finition John Cooper Works,14000,Novembre 2015,134000,Diesel,107,4.1,Automatique,2 portes avec hayon,9,4
208 PureTech 82ch S&S BVM5 6.2 Evap Signature,13000,Septembre 2019,7500,Essence,108,4.7,Manuelle,4 portes avec hayon,4,5
Qashqai+2 1.6 dCi 130 FAP All-Mode Stop/Start 360,9200,Juin 2013,166,Diesel,139,5.3,Manuelle,4 portes avec hayon,7,7
X1 sDrive 18d 143 ch Business,9400,Décembre 2011,203000,Diesel,136,5.2,Manuelle,4 portes avec hayon,8,5
Tucson 1.7 CRDi 115 2WD Business,17500,Octobre 2017,50000,Diesel,119,4.6,Manuelle,4 portes avec hayon,6,5
500C 1.2 8V 69 ch Lounge Dualogic,8000,Juillet 2012,72500,Essence,118,5.1,Semi automatique,2 portes,4,4
A4 1.9 TDI - 130 Pack,1500,Juin 2001,293000,Diesel,149,5.5,Manuelle,4 portes,7,5
A3 1.6i Attraction,1900,Juin 1999,180700,Essence,182,7.6,Manuelle,2 portes avec hayon,7,5
Land Cruiser 3.0 D4-D VX Gentleman Farmer,16500,Décembre 2001,141000,Diesel,253,9.5,Manuelle,2 portes avec hayon,11,5
Mokka 1.7 CDTI - 130 ch FAP 4x2 ecoFLEX Start&Stop Cosmo,8900,Avril 2013,118216,Diesel,120,4.5,Manuelle,4 portes avec hayon,7,5
C3 Aircross BlueHDi 100 S&S BVM6 Shine,16700,Janvier 2019,34000,Diesel,null,null,Manuelle,4 portes avec hayon,5,5
Mini Cabriolet Cooper 136 ch,20500,Mars 2017,34500,Essence,114,4.9,Manuelle,2 portes,7,4
Kadjar TCe 140 FAP Zen,17600,Juin 2020,14000,Essence,null,null,Manuelle,4 portes avec hayon,7,5
DS4 BlueHDi 180 S&S EAT6 Executive,17650,Avril 2018,78880,Diesel,113,4.3,Automatique,4 portes avec hayon,9,5
A6 Avant 2.5 TDI V6 - 180 Pack Plus Quattro Tiptronic A,1500,Février 2003,366459,Diesel,230,8.5,Automatique,4 portes avec hayon,12,5
Fabia Combi 1.6 TDI 105 CR Elegance 2,3500,Juin 2013,209000,Diesel,109,4.2,Manuelle,4 portes avec hayon,5,5
108 VTi 72ch BVM5 Access,8500,Mai 2019,41000,Essence,93,4.1,Manuelle,4 portes avec hayon,4,4
C3 BlueHDi 100 S&S BVM6 Shine,18700,Octobre 2021,4000,Diesel,null,null,Manuelle,4 portes avec hayon,5,5
Q2 1.0 TFSI 116 ch S tronic 7,22900,Avril 2017,43000,Essence,117,5.1,Semi automatique,4 portes avec hayon,6,5
500C 1.0 70 ch Hybride BSG S/S Dolcevita Spiaggina,18500,Décembre 2021,800,Essence,null,null,Manuelle,2 portes,4,4
Scenic dCi 110 Energy Business,10890,Mars 2018,154000,Diesel,100,3.9,Manuelle,4 portes avec hayon,5,5
NX 300h 4WD Luxe,32990,Juin 2018,45900,Hybride,130,5.9,Automatique,4 portes avec hayon,8,5
114d 95 ch Business,11500,Octobre 2016,124000,Diesel,95,3.6,Manuelle,4 portes avec hayon,5,5
308 1.6 HDi 110 FAP Confort Pack,3600,Mars 2008,203000,Diesel,125,4.7,Manuelle,4 portes avec hayon,6,5
A3 Sportback 2.0 TDI 140 DPF Ambiente,9300,Septembre 2012,171500,Diesel,115,4.4,Manuelle,4 portes avec hayon,7,5
Ka 1.2 69 Ambiente,4000,Novembre 2009,93000,Essence,119,5.1,Manuelle,2 portes avec hayon,4,4
E 270 CDI Elégance,3390,Février 2002,241000,Diesel,172,6.5,Manuelle,4 portes,10,5
5008 1.6 HDi 110ch FAP BVM6 Confort Pack 7pl,7200,Juin 2010,78000,Diesel,140,5.3,Manuelle,4 portes avec hayon,6,7
Sharan 2.0 TDI 140 FAP BlueMotion Technology Carat DSG6,10500,Mars 2011,223255,Diesel,149,5.7,Semi automatique,4 portes avec hayon,8,5
Passat 1.9 TDI - 115 Confort,1650,Juillet 2000,260000,Diesel,143,5.3,Manuelle,4 portes,7,5
Insignia Grand Sport 1.6 Diesel 136 ch BVA6 Innovation Business,16700,Décembre 2018,51000,Diesel,139,5.2,Automatique,4 portes avec hayon,7,5
XC90 D5 AWD 225 Inscription Geartronic A 7pl,44500,Juin 2016,55600,Diesel,152,5.8,Automatique,4 portes avec hayon,13,7
null,7500,Décembre 1989,265000,Essence,null,null,Automatique,4 portes avec hayon,null,null
Q5 2.0 TDI 143 DPF Quattro Ambiente,15500,Juillet 2010,120500,Diesel,172,6.5,Manuelle,4 portes avec hayon,9,5
Scénic 1.9 DCI - 105 Sport Way,600,Mai 2003,344343,Diesel,157,5.9,Manuelle,4 portes avec hayon,6,5
Grandland X Business 1.6 D 120 ch ECOTEC Edition,17890,Juin 2018,65890,Diesel,104,4,Manuelle,4 portes avec hayon,6,5
Venga 1.6 CRDi 115 ch Premium,4950,Octobre 2010,189500,Diesel,129,4.9,Manuelle,4 portes avec hayon,6,5
PT Cruiser 2.4 Limited A,6900,Juin 2004,112000,Essence,258,10.8,Automatique,2 portes,10,5
3008 1.6 HDi 16V 110ch FAP Confort Pack,5600,Août 2009,174898,Diesel,137,5.1,Manuelle,4 portes avec hayon,6,5
RX300 3.0i V6 Pack A,5900,Octobre 2001,278000,Essence,311,13,Automatique,4 portes avec hayon,15,5
DS3 PureTech 110 BVA So Chic,17950,Mars 2019,8100,Essence,119,5.2,Automatique,2 portes avec hayon,6,2
B-MAX 1.0 EcoBoost 125 S&S Business,10500,Mai 2016,73000,Essence,114,4.9,Manuelle,4 portes avec hayon,6,5
C4 Aircross HDi 150 Confort,6500,Avril 2012,null,Diesel,141,5.4,Manuelle,4 portes avec hayon,8,5
A5 Sportback 2.0 TDI 143 S line,15490,Juillet 2013,124000,Diesel,119,4.5,Manuelle,4 portes avec hayon,7,4
Ibiza 1.0 EcoTSI 95 ch S/S BVM5 Xcellence,12900,Décembre 2018,46000,Essence,null,null,Manuelle,4 portes avec hayon,5,5
2008 PureTech 110ch S&S BVM6 Allure,18000,Décembre 2019,22000,Essence,104,4.8,Manuelle,4 portes avec hayon,5,5
Clio TCe 120 Energy Edition One,13500,Novembre 2017,38000,Essence,118,5.3,Manuelle,4 portes avec hayon,6,5
i30 1.4 CRDi 90 Blue Drive Pack Inventive,8100,Décembre 2012,135000,Diesel,105,4,Manuelle,4 portes avec hayon,5,5
Clio 1.2 Campus,1900,Octobre 2005,198500,Essence,143,6,Manuelle,2 portes avec hayon,4,5
C Coupé Sport 220 CDI,4000,Janvier 2005,202000,Diesel,174,6.6,Manuelle,2 portes avec hayon,9,4
Venga 1.4 CRDi 90 ch Active,6500,Janvier 2010,127000,Diesel,124,4.7,Manuelle,4 portes avec hayon,5,5
Qashqai 1.6 dCi 130 Stop/Start Acenta,12000,Mars 2015,133580,Diesel,115,4.4,Manuelle,4 portes avec hayon,7,5
207 1.6 HDi 16v 90ch Exécutive,3490,Septembre 2006,262000,Diesel,120,4.5,Manuelle,4 portes avec hayon,5,5
308 1.6 THP 140ch Féline A,6500,Juillet 2008,100200,Essence,188,7.9,Automatique,4 portes avec hayon,9,5
Sandero TCe 90 - 22 Confort,14900,Mars 2022,60,Essence,null,null,Manuelle,4 portes avec hayon,5,5
C5 Aircross PureTech 130 S&S EAT8 Business,26500,Octobre 2020,20000,Essence,null,null,Automatique,4 portes avec hayon,7,5
Modus 1.6 16V 110 Exception Euro 5 A,5600,Septembre 2011,38000,Essence,179,7.7,Automatique,4 portes avec hayon,7,5
NP300 NAVARA 2.3 DCI 160 KING CAB N-CONNECTA,20500,Août 2016,123000,Diesel,169,null,Manuelle,4 portes,8,4
C4 Picasso BlueHDi 150 S&S Business,8490,Avril 2014,197000,Diesel,107,4.1,Manuelle,4 portes avec hayon,7,5
Mini 1.6i - 115 Cooper,6800,Juillet 2006,119500,Essence,166,6.9,Manuelle,2 portes avec hayon,7,4
308 1.6 BlueHDi 100ch S&S BVM5 Access,10000,Février 2016,141000,Diesel,94,3.6,Manuelle,4 portes avec hayon,5,5
Espace dCi 160 Energy Twin Turbo Initiale Paris EDC,15500,Mars 2015,111000,Diesel,120,4.6,Automatique,4 portes avec hayon,8,7
Lodgy Blue dCi 115 7 places 15 ans,17500,Mars 2021,5500,Diesel,null,null,Manuelle,4 portes avec hayon,6,7
Twingo III 1.0 SCe 70 eco2 Stop & Start Zen,6990,Novembre 2016,60300,Essence,95,4.2,Manuelle,4 portes avec hayon,4,4
Classe A 220 CDI BlueEFFICIENCY 4-Matic Fascination 7-G DCT A,17490,Juin 2014,164000,Diesel,127,4.9,Automatique,4 portes avec hayon,9,5
5008 BlueHDi 180ch S&S EAT8 Allure Business,30800,Octobre 2019,37500,Diesel,null,null,Automatique,4 portes avec hayon,9,7
GLB 200 d 8G-DCT AMG Line,48300,Janvier 2021,15500,Diesel,null,null,Automatique,4 portes avec hayon,8,7
Twingo III SCe 65 Zen,8900,Mai 2021,10089,Essence,null,null,Manuelle,4 portes avec hayon,4,5
2008 PureTech 130 S&S EAT8 GT,30300,Octobre 2021,1000,Essence,null,null,Automatique,4 portes avec hayon,7,5
Mégane III dCi 110 FAP Energy eco2 Dynamique,5300,Octobre 2012,181000,Diesel,90,3.5,Manuelle,4 portes avec hayon,5,5
Classe A 180 d 8G-DCT AMG Line,30000,Décembre 2018,24000,Diesel,null,null,Automatique,4 portes avec hayon,6,5
Duster Blue dCi 115 4x2 Confort,15900,Décembre 2019,53000,Diesel,null,null,Manuelle,4 portes avec hayon,6,5
Corsa 1.3 CDTI Cosmo,1200,Juillet 2004,246000,Diesel,127,4.7,Manuelle,4 portes avec hayon,4,5
Golf 1.6 TDI 115 BlueMotion Technology FAP DSG7 Confortline Business,14850,Novembre 2017,82500,Diesel,102,3.9,Semi automatique,4 portes avec hayon,6,5
Panda 1.2 8V Emotion,3750,Mai 2005,79000,Essence,129,5.5,Manuelle,4 portes avec hayon,4,4
207 1.6e 16v 110ch Sport Pack,3690,Novembre 2006,166000,Essence,166,7,Manuelle,2 portes avec hayon,7,5
Xsara Picasso 2.0 HDi 90 SX,1150,Mai 2002,226000,Diesel,147,5.5,Manuelle,4 portes avec hayon,5,5
3008 BlueHDi 180ch S&S EAT8 GT,28600,Janvier 2019,60300,Diesel,null,null,Automatique,4 portes avec hayon,9,5
Kadjar Blue dCi 115 Business,16990,Décembre 2018,28000,Diesel,115,4.4,Manuelle,4 portes avec hayon,6,5
307 Break 2.0 HDi 16v - 136 Sport FAP,3980,Février 2006,140000,Diesel,142,5.4,Manuelle,4 portes avec hayon,8,5
Golf 1.5 TSI 130 EVO BVM6 Connect,19900,Janvier 2019,24500,Essence,117,5,Manuelle,4 portes avec hayon,7,5
Mini Paceman 184 ch ALL4 Cooper S Pack Red Hot Chili A,14500,Juin 2013,104000,Essence,180,7.7,Automatique,2 portes avec hayon,11,4
Logan MCV 1.6 16V 105 Bioéthanol 7 places Lauréate,4500,Octobre 2010,163000,Autres,178,7.6,Manuelle,4 portes avec hayon,7,7
A6 Avant V6 3.0 TDI DPF 240 Quattro Sport Plus Edition Tiptronic A,12900,Septembre 2010,274000,Diesel,189,7.1,Automatique,4 portes avec hayon,15,5
206 1.6i 16V Griffe,2900,Mai 2003,140600,Essence,153,6.4,Manuelle,2 portes avec hayon,7,5
3008 Hybrid 300 e-EAT8 GT,37500,Février 2020,30000,Hybride,null,null,Automatique,4 portes avec hayon,11,5
EcoSport 1.0 EcoBoost 125ch S&S BVM6 ST-Line Noir/Jaune,16900,Mai 2020,19570,Essence,114,5,Manuelle,4 portes avec hayon,7,5
Latitude dCi 150 FAP Business,6000,Avril 2011,189000,Diesel,140,5.3,Manuelle,4 portes,8,5
Ibiza 1.4 TDI 70 Réference,3490,Mars 2011,210000,Diesel,119,4.8,Manuelle,2 portes avec hayon,4,5
Grande Punto 1.3 Multijet 16V 75 Dynamic,3300,Mars 2008,121000,Diesel,119,4.5,Manuelle,4 portes avec hayon,4,5
Classe GLE 350 d 9G-Tronic 4Matic Sportline,36900,Décembre 2016,115000,Diesel,179,6.6,Automatique,4 portes avec hayon,16,5
Corsa 1.2 75 ch BVM5,15500,Mars 2021,6000,Essence,null,null,Manuelle,4 portes avec hayon,4,5
A3 Cabriolet 1.2 TFSI 105 Ambition,12000,Mai 2010,62500,Essence,132,5.7,Manuelle,2 portes,6,4
Gran Coupé 420d 190 ch Business,18990,Février 2016,148000,Diesel,111,4.2,Manuelle,4 portes,10,5
520i,7000,Novembre 1985,180000,Essence,null,null,Manuelle,4 portes,9,5
159 2.0 JTDm 170 Selective,6000,Avril 2011,171500,Diesel,139,5.4,Manuelle,4 portes,9,5
Cab 325i Ci A,7200,Février 2001,239000,Essence,239,9.9,Automatique,2 portes,13,4
Twingo II 1.2 60 eco2 Access,2900,Novembre 2009,152000,Essence,130,5.5,Manuelle,2 portes avec hayon,4,4
Twingo III 0.9 TCe 90 Energy E6C Intens,10100,Février 2019,30200,Essence,111,4.9,Manuelle,4 portes avec hayon,5,4
Classe B 180 7-G DCT Inspiration,21900,Octobre 2018,26000,Essence,138,6.1,Automatique,4 portes avec hayon,7,5
Captur dCi 90 E6C EDC Business,17000,Mars 2019,13300,Diesel,113,4.3,Automatique,4 portes avec hayon,5,5
Focus 1.5 EcoBoost 150 S&S BVA8 Vignale,24950,Novembre 2019,20160,Essence,127,6,Automatique,4 portes avec hayon,8,5
NEMO HDI 75 FAP BUSINESS,5000,Mars 2012,145000,Diesel,124,4.7,Manuelle,4 portes,5,2
Captur dCi 90 Energy Business,8700,Juin 2014,116000,Diesel,95,3.7,Manuelle,4 portes avec hayon,4,5
null,4900,Septembre 1991,187000,null,null,null,Automatique,4 portes,null,5
Mégane IV Estate dCi 110 Energy Business EDC,11300,Février 2018,126000,Diesel,95,3.7,Automatique,4 portes avec hayon,5,5
Focus 1.8 TDCi 115 Titanium,4150,Juin 2008,97500,Diesel,137,5.2,Manuelle,4 portes avec hayon,6,5
X-Type 2.2 D Executive,5000,Mars 2007,235000,Diesel,159,6,Manuelle,4 portes,9,5
Classe C Coupé 250 d 4Matic 9G-Tronic,33500,Juillet 2017,61000,Diesel,122,4.6,Automatique,2 portes,11,4
Spider 2.0 JTS Distinctive,8500,Mai 2003,148000,Essence,220,9.2,Manuelle,2 portes,11,2
Golf 1.9 TDI - 90 A,900,Mars 2000,203000,Diesel,172,6.3,Automatique,2 portes avec hayon,6,5
PROCEED 1.6 CRDi 136 ch ISG DCT7 GT Line,26500,Mai 2020,39000,Diesel,null,null,Automatique,4 portes avec hayon,7,5
Scirocco 1.4 TSI 160,9900,Mai 2010,90000,Essence,154,6.6,Manuelle,2 portes avec hayon,9,4
Mini 1.6i - 115 Cooper,4500,Août 2003,145500,Essence,166,6.9,Manuelle,2 portes avec hayon,7,4
Laguna 2.2 dT RXT,450,Juin 1998,216938,Diesel,null,null,Manuelle,4 portes avec hayon,6,5
Spacetourer M BlueHDi 120 S&S BVM6 Business,30000,Mars 2021,13700,Diesel,167,null,Manuelle,4 portes avec hayon,6,8
Land Cruiser 190 D-4D Légende A,38000,Avril 2014,94740,Diesel,213,8.1,Automatique,4 portes avec hayon,12,5
Volkswagen Passat BREAK 1.9 TDI 100,990,Février 2001,347000,Diesel,146,5.4,Manuelle,4 portes,null,5
Giulietta 1.6 JTDm 105 ch S&S Distinctive,6000,Février 2014,152000,Diesel,114,4.4,Manuelle,4 portes avec hayon,5,5
DS5 HDi 160 So Chic,11950,Juillet 2012,93010,Diesel,128,5.1,Manuelle,4 portes avec hayon,9,5
Scenic dCi 160 Energy EDC Business Intens,22500,Juillet 2018,10500,Diesel,118,4.5,Automatique,4 portes avec hayon,8,5
944,15000,Juillet 1983,44500,Essence,null,null,Manuelle,2 portes avec hayon,14,4
C3 PureTech 82 Shine,11300,Juillet 2017,19300,Essence,109,4.7,Manuelle,4 portes avec hayon,4,5
Twingo 1.2i Privilège,2000,Septembre 2000,161000,Essence,138,5.8,Manuelle,2 portes avec hayon,4,4
206 CC 1.6i 16V Sport Pack,5990,Juillet 2006,63000,Essence,166,6.9,Manuelle,2 portes,7,4
Mégane IV Berline dCi 90 Energy Business,11800,Juin 2016,75800,Diesel,95,3.7,Manuelle,4 portes avec hayon,4,5
CLK Cabrio 320 CDI Avantgarde A,14500,Janvier 2008,96300,Diesel,197,7.4,Automatique,2 portes,14,2
null,9600,Avril 1984,98200,Essence,null,null,Manuelle,4 portes,10,5
Classe B 180 7G-DCT Progressive Line Edition,33000,Mars 2021,4800,Essence,null,null,Automatique,4 portes avec hayon,7,5
Twingo III 1.0 SCe 70 E6C Intens,8500,Janvier 2019,32000,Essence,125,4.9,Manuelle,4 portes avec hayon,4,4
Captur TCe 140 EDC FAP - 21 Initiale Paris,27390,Avril 2021,5400,Essence,null,null,Automatique,4 portes avec hayon,7,5
3008 2.0 BlueHDi 150ch S&S BVM6 Allure Business,20000,Octobre 2017,124000,Diesel,114,4.4,Manuelle,4 portes avec hayon,8,5
Touring 530d 258ch 149g Business A,18500,Mai 2012,188000,Diesel,149,5.7,Automatique,4 portes avec hayon,15,5
308 CC 2.0 HDi 16V 140ch FAP Féline,9800,Décembre 2009,113800,Diesel,155,5.9,Manuelle,2 portes,8,4
XCeed 1.4l T-GDi 140 ch DCT7 ISG Active,19600,Juillet 2020,37700,Essence,130,5.7,Automatique,4 portes avec hayon,7,5
107 1.0e 12V 68ch BLUE LION Black & Silver,3990,Novembre 2010,78500,Essence,106,4.5,Manuelle,2 portes avec hayon,4,4
MiTo 0.9 Twin Air 105 Start & Stop Collezione,9990,Décembre 2016,71000,Essence,99,4.2,Manuelle,2 portes avec hayon,5,4
Golf 1.4i,1200,Mars 1998,167500,Essence,154,6.4,Manuelle,4 portes avec hayon,5,5
208 PureTech 130 S&S EAT8 GT Line,22500,Juillet 2019,15500,Essence,101,4.5,Automatique,4 portes avec hayon,6,5
CEED 1.0 T-GDI 120 ch ISG BVM6 GT Line,15500,Juillet 2019,26500,Essence,125,5.3,Manuelle,4 portes avec hayon,6,5
C4 PureTech 130 S&S EAT8 Shine,25800,Décembre 2021,1400,Essence,null,null,Automatique,4 portes avec hayon,7,5
406 Break 2.0 Hdi - 110 Confort,4100,Mars 2004,235000,Diesel,149,5.7,Manuelle,4 portes avec hayon,6,5
500X 1.3 MultiJet 95 ch City Cross,14500,Mars 2019,41500,Diesel,107,4.1,Manuelle,4 portes avec hayon,5,5
Sandero ECO-G 100 - 22 Stepway Confort,15790,Décembre 2021,2500,GPL ou GNL,null,null,Manuelle,4 portes avec hayon,5,5
607 2.2 HDi Pack,3390,Avril 2002,176000,Diesel,178,6.7,Manuelle,4 portes,8,5
Mégane IV Berline dCi 110 Energy Intens,13550,Décembre 2015,89000,Diesel,95,3.7,Manuelle,4 portes avec hayon,5,5
118i 136 ch DKG7 Edition Sport,33000,Juin 2021,8500,Essence,null,null,Automatique,4 portes avec hayon,7,5
307 SW 1.6 HDi 16V 110ch FAP BLUE LION Navteq on board,1950,Juillet 2008,234500,Diesel,134,5.1,Manuelle,4 portes avec hayon,6,5
Ibiza 1.5 TSI Evo 150 ch S/S BVM6 FR,20500,Mai 2018,26500,Essence,112,4.9,Manuelle,4 portes avec hayon,8,5
Mégane III dCi 110 FAP eco2 Authentique,7500,Mai 2012,71400,Diesel,106,4.1,Manuelle,4 portes avec hayon,5,5
C-MAX 1.0 EcoBoost 125 S&S Titanium,12000,Juillet 2018,74000,Essence,129,5.7,Manuelle,4 portes avec hayon,7,5
RAV4 2.0i VX,1100,Mai 1999,230000,Essence,null,9.4,Manuelle,2 portes avec hayon,9,5
Mini Cooper 136 ch Edition Blackfriars,17800,Décembre 2017,58000,Essence,107,4.6,Manuelle,2 portes avec hayon,7,4
CR-V 1.6  i-DTEC 2WD Comfort,14000,Novembre 2014,93000,Diesel,119,4.5,Manuelle,4 portes avec hayon,6,5
G37 Coupé 3.7 V6 S Premium A,19990,Janvier 2013,105000,Essence,246,10.5,Automatique,2 portes,23,4
11 TXE,1900,Mai 1988,100000,Essence,null,null,Manuelle,4 portes avec hayon,7,5
Duster dCi 110 EDC 4x2 Confort,15400,Août 2018,36500,Diesel,116,4.5,Automatique,4 portes avec hayon,6,5
C3 Aircross BlueHDi 120 S&S EAT6 C-Series,23000,Septembre 2021,4200,Diesel,132,null,Automatique,4 portes avec hayon,6,5
Kuga 1.5 Flexifuel-E85 150 S&S 4x2 BVM6 ST-Line,24000,Juillet 2019,42000,Autres,170,6.9,Manuelle,4 portes avec hayon,9,5
Mini Cabriolet Cooper S 192 ch BVA6,32900,Avril 2018,11200,Essence,131,5.6,Automatique,2 portes,10,4
Fiesta 1.4 TDCi 68 Ambiente,3790,Juillet 2008,110000,Diesel,110,4.2,Manuelle,2 portes avec hayon,4,5
Classe CLA 200 d 7G-DCT Fascination,32500,Février 2019,43000,Diesel,141,5.2,Automatique,4 portes,7,5
Q2 1.4 TFSI COD 150 ch S tronic 7,24600,Juin 2017,37500,Essence,119,5.2,Semi automatique,4 portes avec hayon,8,5
ZX 1.9 D Flash,800,Mai 1994,351000,Diesel,null,null,Manuelle,4 portes avec hayon,6,5
DS3 PureTech 110 BVA So Chic,17950,Mars 2019,8100,Essence,119,5.2,Automatique,2 portes avec hayon,6,5
Classe A 180 d 7G-DCT AMG Line,26300,Janvier 2019,69000,Diesel,null,null,Automatique,4 portes avec hayon,6,5
Cee'd 1.6L CRDi 115 Active,6000,Avril 2009,162000,Diesel,125,4.7,Manuelle,4 portes avec hayon,6,5
Classe A 200 d 7G-DCT Business Executive Edition,19500,Mai 2016,110000,Diesel,103,4.3,Automatique,4 portes avec hayon,7,5
Corsa 1.2 - 80 Twinport Enjoy,3200,Juin 2009,170440,Essence,146,6.1,Manuelle,2 portes avec hayon,5,5
Classe C 180 CDI BlueEfficiency Avantgarde,13000,Décembre 2011,86000,Diesel,139,5.3,Manuelle,4 portes,6,5
205 1.1 GR,600,Avril 1990,154000,Essence,null,null,Manuelle,4 portes avec hayon,4,5
Clio Estate IV TCe 90 eco2 Graphite,10000,Juin 2014,23900,Essence,114,4.9,Manuelle,4 portes avec hayon,5,5
A1 1.8 TFSI 192 S tronic S line,21500,Février 2017,44500,Essence,130,5.6,Semi automatique,2 portes avec hayon,10,4
5008 BlueHDi 130ch S&S BVM6 GT Line,29000,Décembre 2018,41000,Diesel,106,4.2,Manuelle,4 portes avec hayon,6,7
Clio 1.5 dCi 65 Campus,3190,Mars 2005,112000,Diesel,115,4.3,Manuelle,4 portes avec hayon,4,5
500 0.9 85 ch TwinAir S/S Club,15990,Juillet 2020,13000,Essence,107,4.7,Manuelle,2 portes avec hayon,4,4
Touareg R5 TDI A,5500,Octobre 2006,252600,Diesel,273,10.1,Automatique,4 portes avec hayon,12,5
Kangoo 1.9 D - 65 Pampa,690,Août 1999,200000,Diesel,194,7.3,Manuelle,4 portes,6,5
Scirocco 1.4 TSI 160 Sportline DSG7,11500,Janvier 2011,136000,Essence,147,6.3,Semi automatique,2 portes avec hayon,9,4
406 Coupé 2.0i,3000,Mars 2000,250000,Essence,197,8.3,Manuelle,2 portes,9,4
A3 2.0 TDI Ambiente,3900,Août 2004,249000,Diesel,148,5.5,Manuelle,2 portes avec hayon,8,5
Q30 1.5d 109 7DCT Business,14500,Décembre 2016,120000,Diesel,102,3.9,Semi automatique,4 portes avec hayon,5,5
C3 PureTech 110 S&S BVM6 Shine Business,18600,Mai 2021,2300,Essence,null,null,Manuelle,4 portes avec hayon,6,5
Grand C4 Picasso e-HDi 115 Exclusive,12500,Mai 2014,136500,Diesel,105,4,Manuelle,4 portes avec hayon,6,7
Koleos 2.0 dCi 150 4x4 FAP Dynamique,4900,Juin 2008,209000,Diesel,191,7.3,Manuelle,4 portes avec hayon,9,5
Classe R 300 CDI 6 pl BlueEFFICIENCY A,8500,Mai 2007,231000,Diesel,206,7.8,Automatique,4 portes avec hayon,12,6
X1 sDrive 18d 150 ch BVA8 Business Design,32000,Septembre 2020,16500,Diesel,null,null,Automatique,4 portes avec hayon,8,5
C1 Airscape VTi 72 S&S Feel,7900,Juin 2019,28000,Essence,85,3.7,Manuelle,4 portes avec hayon,3,4
128ti 265 ch BVA8,46900,Mai 2021,9300,Essence,null,null,Automatique,4 portes avec hayon,16,5
Q5 2.0 TFSI 211 Quattro S Line,15000,Avril 2010,165400,Essence,195,8.3,Manuelle,4 portes avec hayon,13,5
Tiguan 2.0 TDI 140 FAP BlueMotion Technology Sportline,9500,Août 2012,185800,Diesel,138,5.3,Manuelle,4 portes avec hayon,8,5
Civic 1.5 i-VTEC 182 CVT Sport Plus,26000,Février 2019,33300,Essence,131,6,Automatique,4 portes avec hayon,10,5
3008 1.6 BlueHDi 120ch S&S BVM6 Access,9900,Août 2015,131300,Diesel,108,4.1,Manuelle,4 portes avec hayon,6,5
Golf 1.4 TSI 125 BlueMotion Technology Carat,17200,Avril 2017,69540,Essence,120,5.2,Manuelle,4 portes avec hayon,6,5
208 PureTech 82ch S&S BVM5 6.2 Evap Signature,13000,Août 2019,6100,Essence,108,4.7,Manuelle,4 portes avec hayon,4,5
MEGANE II 1.5 dCi 85 AIR,600,Janvier 2009,230000,Diesel,120,null,Manuelle,2 portes avec hayon,6,2
Arkana TCe 140 EDC FAP - 21B R.S. Line,32500,Novembre 2021,900,Essence,null,null,Automatique,4 portes avec hayon,7,5
Classe A 180 BlueEFFICIENCY Fascination,16300,Mai 2013,99999,Essence,133,5.7,Manuelle,4 portes avec hayon,7,5
110 Defender TDI County,33000,Novembre 1996,300000,Diesel,null,null,Manuelle,4 portes avec hayon,10,5
2008 1.6 BlueHDi 120ch S&S BVM6 GT Line,17000,Avril 2018,null,Diesel,96,3.7,Manuelle,4 portes avec hayon,6,5
108 VTi 72ch BVM5 Access,10500,Mars 2019,3170,Essence,93,4.1,Manuelle,4 portes avec hayon,4,4
Clio 1.5 dCi 105 Dynamique,3500,Janvier 2007,157000,Diesel,123,4.6,Manuelle,4 portes avec hayon,6,5
Stonic 1.6 CRDi 115 ch ISG BVM6 Design,18000,Juin 2020,24000,Diesel,103,3.9,Manuelle,4 portes avec hayon,6,5
Viper SRT-10 8.3,67000,Juillet 1994,38550,Essence,489,21,Manuelle,2 portes,46,2
Range Rover Sport Mark V V8 S/C 5.0L 510ch Autobiography Dynamic A,78000,Décembre 2016,82000,Essence,298,12.8,Automatique,4 portes avec hayon,43,5
307 CC 1.6 16V - 110,3990,Novembre 2004,150400,Essence,169,7.2,Manuelle,2 portes,7,4
3008 1.6 e-HDi 115ch FAP ETG6 BLUE LION Allure,9200,Juillet 2014,143000,Diesel,110,4.2,Automatique,4 portes avec hayon,6,5
Juke 1.2e DIG-T 115 Start/Stop System Acenta,10200,Décembre 2015,73000,Essence,128,5.7,Manuelle,4 portes avec hayon,6,5
Cayenne 4.8 V8 GTS Tiptronic S A,19900,Juin 2009,171000,Essence,332,13.9,Automatique,4 portes avec hayon,32,5
206 1.9 D XR,2000,Décembre 1999,236000,Diesel,156,5.7,Manuelle,4 portes avec hayon,5,5
Yeti 1.6 TDI 105 CR FAP Green Tec Active DSG,10400,Octobre 2014,122600,Diesel,132,5,Semi automatique,4 portes avec hayon,6,5
Sandero ECO-G 90 Stepway,11500,Mars 2019,49500,GPL ou GNL,127,5.6,Manuelle,4 portes avec hayon,5,5
Touring 330d 245 ch Sport Design,13500,Juin 2009,187000,Diesel,155,5.9,Manuelle,4 portes avec hayon,15,5
Duster Blue dCi 115 4x2 15 ans,19900,Janvier 2022,3500,Diesel,127,null,Manuelle,4 portes avec hayon,6,5
X1 sDrive 20d 190 ch BVA8 Business,26000,Septembre 2016,63000,Diesel,118,4.5,Automatique,4 portes avec hayon,10,5
X5 xDrive30d 235ch A,11950,Décembre 2009,197600,Diesel,217,8.2,Automatique,4 portes avec hayon,15,5
Arona 1.0 EcoTSI 115 ch Start/Stop DSG7 FR,18000,Avril 2019,40000,Essence,null,null,Automatique,4 portes avec hayon,6,5
Giulietta 1.4 TJet 120 ch S&S Distinctive,10980,Juillet 2016,134300,Essence,144,6.4,Manuelle,4 portes avec hayon,7,5
205 1.7 D Génération 205,1000,Juin 1997,30000,Diesel,null,null,Manuelle,2 portes avec hayon,4,5
407 1.6 HDi 16V 110ch FAP BLUE LION Black & Silver,5500,Février 2010,76600,Diesel,129,4.9,Manuelle,4 portes,6,5
Logan MCV 1.5 dCi 70 7 places Lauréate,4200,Novembre 2007,221300,Diesel,140,5.3,Manuelle,4 portes avec hayon,5,7
Corsa 1.4 - 90 Twinport Cosmo,7500,Novembre 2009,56000,Essence,146,6.1,Manuelle,4 portes avec hayon,5,5
Classe CLA 200 d 7-G DCT Business Edition,25000,Février 2019,63000,Diesel,100,3.8,Automatique,4 portes,7,5
Laguna 1.9 DTI Confort,3000,Octobre 2007,177000,Diesel,144,5.4,Manuelle,4 portes avec hayon,6,5
308 1.2 PureTech 130ch S&S EAT6 Allure,15000,Juin 2015,20153,Essence,114,4.9,Automatique,4 portes avec hayon,7,5
Kuga 1.5 TDCi 120 S&S 4x2 Powershift Titanium,16900,Décembre 2017,78000,Diesel,124,4.8,Automatique,4 portes avec hayon,6,5
Clio 1.2i RN,350,Mars 1996,170000,Essence,null,null,Manuelle,4 portes avec hayon,5,5
Grand Espace 2.0 dCi 175 FAP Alyum A,9500,Juillet 2013,216000,Diesel,169,6.4,Automatique,4 portes avec hayon,10,6
C4 Cactus PureTech 110 S&S BVM6 Shine,9500,Juin 2016,83600,Essence,104,4.6,Manuelle,4 portes avec hayon,5,5
Sandero TCe 90 E6C Stepway,9900,Novembre 2018,18500,Essence,125,5.5,Manuelle,4 portes avec hayon,5,5
Polo 1.0 TSI 115 S&S DSG7 Copper Line,19900,Mars 2019,49000,Essence,104,4.9,Automatique,4 portes avec hayon,6,5
Scénic 1.6i 16V Privilège,14000,Décembre 2016,47000,Essence,173,7.3,Manuelle,4 portes avec hayon,7,5
X4 M40i 354ch BVA8,85000,Juillet 2019,29000,Essence,177,7.8,Automatique,4 portes avec hayon,25,5
1.0 OXFORD 45 ch,5000,Janvier 1986,31000,Essence,null,null,Manuelle,2 portes avec hayon,null,5
Mégane Break 1.9 D Authentique,3950,Juillet 2012,199306,Diesel,178,6.7,Manuelle,4 portes avec hayon,5,5
Clio 1.2 16V 75 Confort Dynamique,2300,Février 2006,185000,Essence,139,5.9,Manuelle,2 portes avec hayon,5,5
Kadjar TCe 130 Energy Intens,15500,Décembre 2017,78000,Essence,130,5.8,Manuelle,4 portes avec hayon,7,5
Mokka 1.4 Turbo - 140 ch 4x4 Start&Stop Cosmo,10500,Décembre 2014,96600,Essence,149,6.4,Manuelle,4 portes avec hayon,8,5
C4 1.6i 16V 110 Collection,2000,Mars 2007,140879,Essence,169,7.1,Manuelle,4 portes avec hayon,7,5
Bipper Tepee 1.4 Ess 75ch Access,8000,Septembre 2012,49600,Essence,152,6.6,Manuelle,4 portes,5,5
T-Roc 1.6 TDI 115 Start/Stop BVM6 Carat,23000,Mars 2019,38000,Diesel,109,4.4,Manuelle,4 portes avec hayon,6,5
Clio III dCi 70 115g eco2 Authentique,4500,Décembre 2009,174486,Diesel,115,4.3,Manuelle,4 portes avec hayon,4,5
Logan 1.4,1000,Mai 2006,165000,Essence,164,6.8,Manuelle,4 portes,5,5
Yaris Hybride 100h Dynamic,16500,Juin 2020,23753,Hybride,84,3.6,Automatique,4 portes avec hayon,3,5
CEED 1.4 T-GDi 140 ch ISG DCT7 GT Line,23900,Mai 2020,6800,Essence,125,5.5,Automatique,4 portes avec hayon,7,5
Camaro Coupé V8 6.2 405ch A,38500,Octobre 2012,110000,Essence,304,13.1,Automatique,2 portes,32,4
Logan 1.5 dCi 85 Prestige,3800,Février 2008,95000,Diesel,120,4.6,Manuelle,4 portes,5,5
XM 2.0 Séduction,7200,Novembre 1990,57200,Essence,null,null,Manuelle,4 portes avec hayon,9,5
Agila 1.3 CDTI - 75 ch ecoFLEX Enjoy,4700,Avril 2009,96700,Diesel,120,4.5,Manuelle,4 portes avec hayon,4,5
Panda 1.2 69 ch,8950,Mai 2018,7100,Essence,130,null,Manuelle,4 portes avec hayon,4,5
Duster TCe 130 FAP 4x2 Prestige,17600,Février 2019,18300,Essence,null,null,Manuelle,4 portes avec hayon,7,5
Duster Blue dCi 115 4x2 Confort,15900,Juin 2019,35500,Diesel,null,null,Manuelle,4 portes avec hayon,6,5
Aygo 1.0 VVT-i x-play,8800,Juin 2018,26500,Essence,93,4.1,Manuelle,4 portes avec hayon,4,4
308 1.2 PureTech 130ch S&S BVM6 EU6 GT Line,18600,Janvier 2018,37190,Essence,120,null,Manuelle,4 portes avec hayon,6,5
RAV4 Hybride 197ch AWD Black Edition,23990,Novembre 2018,67000,Hybride,118,5.1,Automatique,4 portes avec hayon,8,5
Tiguan 2.0 TDI 110 FAP BlueMotion Technology Série Spéciale Edition,9100,Juin 2012,193000,Diesel,139,5.3,Manuelle,4 portes avec hayon,6,5
106 1.0i XN,700,Septembre 1992,158000,Essence,null,null,Manuelle,2 portes avec hayon,4,5
C3 1.4 HDi,3500,Février 2003,240000,Diesel,115,4.4,Manuelle,4 portes avec hayon,4,5
Focus 1.0 EcoBoost 125 S&S ST Line,17990,Juillet 2019,30800,Essence,96,4.3,Manuelle,4 portes avec hayon,6,5
GLA 250 e 8G-DCT AMG Line,48490,Février 2021,14700,Hybride,null,null,Automatique,4 portes avec hayon,8,5
C4 Coupé 1.6i 16V 110 VTS,4700,Septembre 2006,180000,Essence,169,7.1,Manuelle,2 portes avec hayon,7,5
Talisman Estate dCi 160 Energy EDC Initiale Paris,14000,Décembre 2016,123576,Diesel,120,4.6,Automatique,4 portes avec hayon,8,5
Classe GLC 300 d 9G-Tronic 4Matic AMG Line,51000,Septembre 2019,67000,Diesel,null,null,Automatique,4 portes avec hayon,14,5
Stelvio 2.2 210 ch Q4 AT8 Sport Edition,36000,Juillet 2018,53500,Diesel,127,4.8,Automatique,4 portes avec hayon,11,5
GT 1.9 JTD M-JET 150 Distinctive,9850,Juin 2007,90000,Diesel,165,6.2,Manuelle,2 portes,9,5
Kuga 2.0 TDCi 140 DPF 4x2 Titanium,7990,Juillet 2010,256000,Diesel,156,5.9,Manuelle,4 portes avec hayon,8,5
Kadjar TCe 140 FAP EDC Wave,20600,Juin 2019,30500,Essence,133,5.8,Automatique,4 portes avec hayon,7,5
Caravelle 1.9 TDI 104 Long 9pl,13000,Février 2006,208000,Diesel,203,7.5,Manuelle,4 portes avec hayon,7,9
Polo TDI 80 Confort,2300,Juin 2006,220650,Diesel,119,4.4,Manuelle,2 portes avec hayon,5,5
Q5 2.0 TDI 170 DPF Quattro S Line,15500,Juin 2012,162000,Diesel,163,6.2,Manuelle,4 portes avec hayon,10,5
Land Cruiser 3.0 TD GX,15000,Janvier 2000,222800,Diesel,null,13.2,Manuelle,2 portes avec hayon,10,5
Juke DIG-T 117 DCT7 N-Connecta,22500,Juillet 2020,5085,Essence,113,4.9,Automatique,4 portes avec hayon,6,5
T-Roc 1.5 TSI 150 EVO Start/Stop DSG7 Carat Exclusive,25500,Novembre 2019,45000,Essence,null,null,Automatique,4 portes avec hayon,8,5
Mondeo 1.8 TDCi 125 Titanium X,4000,Juin 2008,169000,Diesel,154,5.8,Manuelle,4 portes,7,5
500L 1.3 Multijet 16V 95 ch S/S Live Edizione,14200,Septembre 2017,53000,Diesel,107,4.1,Manuelle,4 portes avec hayon,5,5
208 PureTech 68ch BVM5 Active,12950,Avril 2019,12800,Essence,105,4.6,Manuelle,4 portes avec hayon,4,5
320d xDrive 190 ch BVA8 M Sport,29990,Juillet 2019,64500,Diesel,118,4.6,Automatique,4 portes,10,5
Edge 2.0 EcoBlue 238 BVA8 Intelligent AWD St-Line,32800,Avril 2019,48796,Diesel,180,7.1,Automatique,4 portes avec hayon,15,5
Mini 1.6i - 120 Cooper,6590,Juillet 2009,135600,Essence,129,5.4,Manuelle,2 portes avec hayon,6,4
X3 2.0d 177ch Confort Steptronic A,6850,Janvier 2009,202000,Diesel,178,6.7,Automatique,4 portes avec hayon,11,5
208 PureTech 100 S&S BVM6 GT Pack,21500,Février 2021,7500,Essence,null,null,Manuelle,4 portes avec hayon,5,5
Clio IV TCe 90 eco2 Intens,8500,Août 2015,72000,Essence,114,4.9,Manuelle,4 portes avec hayon,5,5
208 1.6 BlueHDi 100ch S&S BVM5 Allure Business,9400,Novembre 2015,98000,Diesel,79,3,Manuelle,4 portes avec hayon,4,5
Panda 1.2 69 ch Easy,8750,Avril 2019,55000,Essence,124,null,Manuelle,4 portes avec hayon,4,5
Twingo II 1.2 LEV 16v 75 eco2 Dynamique,6990,Février 2012,32500,Essence,105,4.5,Manuelle,2 portes avec hayon,4,4
208 1.2 PureTech 82ch S&S ETG5 Active,9500,Avril 2016,71000,Essence,97,4.2,Semi automatique,4 portes avec hayon,4,5
Kangoo 1.5 dCi 70 Confort Expression,2900,Juillet 2006,237000,Diesel,147,5.5,Manuelle,4 portes avec hayon,5,5
Passat 2.0 16S TDI 140 Carat,8000,Novembre 2005,115000,Diesel,153,5.8,Manuelle,4 portes,8,5
CLK 270 CDI Elégance A,7000,Novembre 2004,191000,Diesel,183,6.9,Automatique,2 portes,10,4
Golf 2.0 TSI 270 R 4Motion DSG6,19900,Décembre 2011,117300,Essence,195,8.4,Semi automatique,4 portes avec hayon,17,5
C4 BlueHDi 130 S&S EAT8 Shine Pack,25990,Octobre 2020,1757,Diesel,null,null,Automatique,4 portes avec hayon,7,5
3008 2.0 HDi 16V 150ch FAP Féline,7900,Janvier 2010,150000,Diesel,149,5.7,Manuelle,4 portes avec hayon,8,5
Rakord,3000,Janvier 1976,27000,Diesel,null,null,Manuelle,4 portes,null,4
Forester 2.0D,12000,Avril 2015,120000,Diesel,148,null,Manuelle,4 portes avec hayon,8,5
Touran 2.0 TDI 190 BMT DSG6 5pl Carat,20500,Janvier 2018,93000,Diesel,122,4.7,Automatique,4 portes avec hayon,10,5
2 CV 6 Special,14000,Septembre 1986,16000,Essence,null,null,Manuelle,4 portes,3,5
Coupé 320d 177ch Sport,7900,Août 2008,247,Diesel,131,4.9,Manuelle,2 portes,10,5
CLIO SOCIETE DCI 75 ENERGY AIR,6250,Janvier 2018,73000,Diesel,85,3.3,Manuelle,4 portes avec hayon,4,2
XC40 T3 156 ch,33500,Janvier 2019,15714,Essence,144,6.2,Manuelle,4 portes avec hayon,9,5
900i,3500,Mars 1986,429000,Essence,null,null,Manuelle,4 portes avec hayon,9,5
DS3 VTi 120 Airdream So Chic,7500,Décembre 2012,113000,Essence,136,5.9,Manuelle,2 portes avec hayon,7,5
X5 xDrive30d 245ch Luxe A,17400,Décembre 2010,188000,Diesel,195,7.4,Automatique,4 portes avec hayon,15,5
Clio TCe 90 Energy Business,10000,Décembre 2017,59500,Essence,105,4.7,Manuelle,4 portes avec hayon,5,5
Panda Cross 4x4 1.3 Multijet 16V,2500,Mai 2006,220000,Diesel,141,5.3,Manuelle,4 portes avec hayon,5,4
Corsa 1.2 Twinport Cosmo,2700,Décembre 2004,152000,Essence,151,6.3,Manuelle,4 portes avec hayon,5,5
9000i 2.3 16V CD,3500,Août 1995,299000,Essence,null,null,Manuelle,4 portes,11,5
A4 Cabriolet 2.0 TFSI Ambiente Multitronic A,8200,Octobre 2006,187800,Essence,202,8.4,Automatique,2 portes,13,4
Panda 1.1 8V ECO Estivale,3690,Octobre 2009,105000,Essence,119,5,Manuelle,4 portes avec hayon,4,4
Sandero 1.5 dCi 90 FAP Stepway,6700,Juin 2012,139000,Diesel,130,5,Manuelle,4 portes avec hayon,5,5
i40 SW 1.7 CRDi 136 Executive A,12800,Février 2015,100400,Diesel,159,6,Automatique,4 portes avec hayon,8,5
Touareg 3.0 V6 TDI 240 FAP Carat Edition Tiptronic A,6000,Février 2008,297730,Diesel,262,9.9,Automatique,4 portes avec hayon,17,5
Yaris 110 VVT-i CVT Design Y20,14000,Août 2019,30000,Essence,112,4.9,Automatique,4 portes avec hayon,6,5
108 VTi 72ch S&S BVM5 Allure,11590,Septembre 2020,6700,Essence,null,null,Manuelle,4 portes avec hayon,4,4
Classe B 180 CDI Design 7-G DCT A,11500,Octobre 2013,110000,Diesel,107,4.1,Automatique,4 portes avec hayon,6,5
Mini 1.6 D - 110 Cooper,5890,Janvier 2010,169000,Diesel,104,3.9,Manuelle,2 portes avec hayon,5,4
2008 PureTech 130 S&S EAT8 GT,27950,Octobre 2021,3950,Essence,null,null,Automatique,4 portes avec hayon,7,5
null,790,Mai 2002,353716,Diesel,null,null,Manuelle,4 portes avec hayon,null,null
New Beetle Cab 1.6i Carat,5900,Juillet 2005,129000,Essence,185,7.7,Manuelle,2 portes,7,4
SL 500 A,16800,Octobre 2004,178000,Essence,292,12.1,Automatique,2 portes,22,2
Classe C Break 200 CDI BlueEfficiency Avantgarde Euro V A,7800,Septembre 2010,189800,Diesel,153,5.8,Automatique,4 portes avec hayon,8,5
Golf 1.4 TSI 122 BlueMotion Technology Carat,11000,Octobre 2014,117000,Essence,120,5.2,Manuelle,4 portes avec hayon,6,5
Twingo II 1.5 dCi 75 eco2 Life,6300,Novembre 2013,104000,Diesel,85,3.3,Manuelle,2 portes avec hayon,4,4
Twingo II 1.5 dCi 75 eco2 Life,6300,Novembre 2013,104000,Diesel,85,3.3,Manuelle,2 portes avec hayon,4,4
C 240 Avantgarde A,7500,Mai 2001,104000,Essence,243,10.1,Automatique,4 portes,12,5
i10 1.0 66 BVM5 Intuitive,7200,Juillet 2017,52200,Essence,108,4.7,Manuelle,4 portes avec hayon,4,5
A1 Sportback 1.6 TDI 105 Ambiente,12500,Février 2013,100000,Diesel,99,3.8,Manuelle,4 portes avec hayon,5,5
A1 Sportback 1.0 TFSI 95 ultra Active S tronic,16900,Mars 2016,62000,Essence,103,4.5,Semi automatique,4 portes avec hayon,5,5
Golf 1.0 TSI 110 BlueMotion Technology Sound,18990,Mai 2018,99000,Essence,109,4.8,Manuelle,4 portes avec hayon,6,5
Mégane IV Berline TCe 130 Energy Akaju,14000,Mai 2017,42000,Essence,123,5.5,Manuelle,4 portes avec hayon,7,5
Ateca 2.0 TDI 150 ch Start/Stop 4Drive FR,23300,Août 2018,49300,Diesel,134,5.1,Manuelle,4 portes avec hayon,8,5
Twingo II 1.2 LEV 16v 75 eco2 Authentique,3900,Septembre 2009,90000,Essence,114,5.1,Manuelle,2 portes avec hayon,4,4
i20 1.2 85 Pack GO!,7850,Octobre 2014,54500,Essence,114,4.9,Manuelle,4 portes avec hayon,5,5
207 SW 1.6 HDi 16V 90ch BLUE LION Premium,6250,Avril 2008,274758,Diesel,119,4.6,Manuelle,4 portes avec hayon,5,5
Crossland X 1.2 Turbo 110 ch BVA6 Ultimate,16750,Décembre 2017,25500,Essence,123,5.4,Automatique,4 portes avec hayon,6,5
null,5700,Avril 2011,227000,Diesel,149,5,Manuelle,2 portes,7,4
Smart Coupé 1.0 71ch mhd Iceshine Bleu Azur Softouch,4550,Avril 2013,97127,Essence,98,4.3,Semi automatique,2 portes avec hayon,4,2
Zafira 1.7 CDTI - 125 ch FAP Cosmo Pack,3990,Novembre 2007,166000,Diesel,152,5.7,Manuelle,4 portes avec hayon,7,7
Smart Coupé 1.0 71ch mhd Pure,4690,Mars 2009,109000,Essence,103,4.3,Semi automatique,2 portes,4,2
DS3 THP 150 Sport Chic,6590,Juin 2011,141000,Essence,155,6.7,Manuelle,2 portes avec hayon,9,5
Classe A 200 CDI BlueEFFICIENCY Business,17000,Novembre 2015,146000,Diesel,109,4.2,Manuelle,4 portes avec hayon,7,5
Classe C 220 CDI BlueEfficiency Business + A,13500,Novembre 2011,110000,Diesel,125,4.8,Automatique,4 portes,9,5
Twingo 1.2i Expression,2500,Décembre 2001,104000,Essence,138,5.8,Manuelle,2 portes avec hayon,4,4
Corsa 1.2 Turbo 100 ch BVA8 Elegance,19750,Juin 2021,2150,Essence,123,null,Automatique,4 portes avec hayon,5,5
604 GTD Tbo,1,Août 1987,90000,Diesel,null,null,Manuelle,4 portes,8,5
505 Tbo D GTD,1,Janvier 1989,100000,Diesel,null,null,Manuelle,4 portes,7,5
Coccinelle 1.2 TSI 105 BMT,14200,Avril 2015,120000,Essence,123,5.3,Manuelle,2 portes avec hayon,6,4
595 1.4 Turbo 16V T-Jet 145 ch BVM5,16200,Octobre 2018,30400,Essence,139,6,Manuelle,2 portes avec hayon,8,4
fiat 850 spider. Bertone de 1969,15500,Juin 1969,100000,Essence,null,null,Manuelle,2 portes,null,2
S-Type 3.0i V6 A,4500,Janvier 2000,175000,Essence,null,null,Automatique,4 portes,17,5
C5 Aircross BlueHDi 130 S&S BVM6 Business,26500,Juin 2021,7000,Diesel,null,null,Manuelle,4 portes avec hayon,7,5
320d xDrive 184 ch Sport,15643,Mars 2013,150000,Diesel,128,4.9,Manuelle,4 portes,10,5
Yaris Hybride 100h Collection Jaune,14800,Octobre 2017,26600,Hybride,82,3.6,Automatique,4 portes avec hayon,3,5
500X 1.4 MultiAir 140 ch DCT Club,16500,Octobre 2017,47500,Essence,133,5.7,Automatique,4 portes avec hayon,7,5
308 CC 1.6 THP 16V 156ch Sport Pack A,7990,Juillet 2010,114000,Essence,179,7.7,Automatique,2 portes,9,4
Vitara 1.6 DDiS Allgrip Pack,11500,Juin 2015,116000,Diesel,111,4.2,Manuelle,4 portes avec hayon,6,5
Corvette Coupé A,29900,Janvier 1978,15479,Essence,null,12.1,Automatique,2 portes,30,5
DS5 BlueHDi 180 S&S EAT6 Be Chic,17500,Novembre 2017,86000,Diesel,113,4.3,Automatique,4 portes avec hayon,9,5
Scenic TCe 130 Energy Bose Edition,11500,Mars 2015,62000,Essence,140,6.2,Manuelle,4 portes avec hayon,7,5
Captur TCe 140 - 21B R.S. Line,25000,Novembre 2021,2500,Essence,131,null,Manuelle,4 portes avec hayon,7,5
Meriva 1.7 CDTI - 100 Cosmo,2100,Février 2008,191000,Diesel,139,5.2,Manuelle,4 portes avec hayon,6,5
Freemont 2.0 16V Multijet 170 ch 4x2 Black Code,13000,Mai 2014,115000,Diesel,169,6.4,Manuelle,4 portes avec hayon,10,7
Defender 90 Station Wagon E,25300,Octobre 2010,195600,Diesel,266,10,Manuelle,2 portes avec hayon,10,4
Modus 1.2 16v 75 eco2 Modus.Com Euro 5,5500,Juillet 2012,56000,Essence,138,5.9,Manuelle,4 portes avec hayon,5,5
Golf 1.2 TSI 85 BlueMotion Technology Trendline,12000,Mars 2014,36000,Essence,113,4.9,Manuelle,4 portes avec hayon,5,5
3008 Hybrid 225 e-EAT8 GT,40900,Mai 2021,12000,Hybride,32,null,Automatique,4 portes avec hayon,10,5
207 1.4 HDi 70ch Urban,5199,Mai 2010,120000,Diesel,120,4.5,Manuelle,4 portes avec hayon,4,5
Stonic 1.0 T-GDI 120 ch ISG Active Business,17900,Août 2019,9500,Essence,null,null,Manuelle,4 portes avec hayon,6,5
Classe E 320 CDI Elégance A,4250,Mars 2006,198000,Diesel,194,7.3,Automatique,4 portes,14,5
500X 1.6 110 ch,11150,Mai 2015,59400,Essence,139,6,Manuelle,4 portes avec hayon,6,5
Twingo III 1.0 SCe 70 BC Intens,7190,Mars 2017,42000,Essence,112,5,Manuelle,4 portes avec hayon,4,4
3008 1.2 Puretech 130ch S&S EAT6 Active,22700,Novembre 2018,35000,Essence,120,5.5,Automatique,4 portes avec hayon,7,5
Scenic dCi 110 Energy EDC Business,14500,Juin 2018,88200,Diesel,104,4,Automatique,4 portes avec hayon,5,5
Micra IG-T 90 Tekna,9490,Novembre 2017,36700,Essence,104,4.6,Manuelle,4 portes avec hayon,5,5
BX Tbo D Image,2500,Mai 1992,126695,Diesel,null,null,Manuelle,4 portes avec hayon,5,5
Classe CLA 200 d 7-G DCT 4Matic Fascination,27500,Mai 2018,53000,Diesel,123,4.8,Automatique,4 portes,7,5
Partner 2.0 HDi Grand Raid,4590,Août 2005,225000,Diesel,154,5.8,Manuelle,4 portes,6,5
Classe B 180 CDI BlueEFFICIENCY Business,13800,Juillet 2012,57700,Diesel,115,4.4,Manuelle,4 portes avec hayon,6,5
S-Type 2.7 V6 D - 208 Bi-Turbo Executive,6500,Mars 2006,150000,Diesel,179,7.1,Manuelle,4 portes,13,5
Modus 1.5 dCi 80 Confort Expression,3000,Février 2005,130000,Diesel,122,4.6,Manuelle,4 portes avec hayon,5,5
Picanto 1.1 EX 4pl,3500,Mars 2007,49000,Essence,119,4.9,Manuelle,4 portes avec hayon,4,4
IS 200 Pack Luxe A,5490,Juin 2000,165000,Essence,null,9.6,Automatique,4 portes,11,5
Grand C4 Picasso e-HDi 115 Attraction ETG6,9900,Mars 2014,129600,Diesel,104,4,Semi automatique,4 portes avec hayon,6,7
3008 2.0 HDi 150ch FAP Allure,9500,Décembre 2013,134000,Diesel,139,5.3,Manuelle,4 portes avec hayon,8,5
25 TX Courchevel,5000,Octobre 1991,210310,Essence,null,null,Manuelle,4 portes avec hayon,9,5
Mini One 102 ch,16900,Août 2017,38000,Essence,109,4.7,Manuelle,2 portes avec hayon,5,4
Classe A 180 CDI BlueEFFICIENCY Inspiration,14700,Juin 2013,71400,Diesel,107,4.1,Manuelle,4 portes avec hayon,5,5
Arkana E-Tech 145 Business,29990,Septembre 2021,4000,Hybride,null,null,Automatique,4 portes avec hayon,5,5
